,product_id,brand_id,brand_name,product_title,price,rating,review_count,url
0,72084,CGN,California Gold Nutrition,"California Gold Nutrition, EuroHerbs™, Passion Flower Extract,  Euromed Quality, 250 mg, 60 Veggie Capsules",$5.30 ,4.6,2064,https://www.iherb.com/pr/california-gold-nutrition-euroherbs-passion-flower-extract-euromed-quality-250-mg-60-veggie-capsules/72084
1,110467,CGN,California Gold Nutrition,"California Gold Nutrition, Goodnight Sleep,  1 fl oz (30 ml)",$7.47 ,4.4,671,https://www.iherb.com/pr/california-gold-nutrition-goodnight-sleep-1-fl-oz-30-ml/110467
2,18995,SOR,Solaray,"Solaray, True Herbs, Passion Flower, 700 mg, 100 VegCaps (350 mg per Capsule)",$11.26 ,4.7,4795,https://www.iherb.com/pr/solaray-true-herbs-passion-flower-700-mg-100-vegcaps-350-mg-per-capsule/18995
3,117600,SWV,Swanson,"Swanson, Full Spectrum Passion Flower, 500 mg, 60 Capsules",$3.14 ,4.7,659,https://www.iherb.com/pr/swanson-full-spectrum-passion-flower-500-mg-60-capsules/117600
4,18044,NOW,NOW Foods,"NOW Foods, Passion Flower, 350 mg, 90 Veg Capsules",$11.01 ,4.7,818,https://www.iherb.com/pr/now-foods-passion-flower-350-mg-90-veg-capsules/18044
5,129090,NCS,Nutricost,"Nutricost, Passion Flower Extract, 1,500 mg, 120 Capsules",$10.00 ,4.7,175,https://www.iherb.com/pr/nutricost-passion-flower-extract-1-500-mg-120-capsules/129090
6,5222,NTA,Nature's Answer,"Nature's Answer, Passionflower Aerial Parts, Fluid Extract, Alcohol-Free, 2,000 mg, 1 fl oz (30 ml)",$11.47 ,4.6,1799,https://www.iherb.com/pr/nature-s-answer-passionflower-aerial-parts-fluid-extract-alcohol-free-2-000-mg-1-fl-oz-30-ml/5222
7,30819,FRO,Frontier Co-op,"Frontier Co-op, Cut & Sifted Passion Flower Herb, 16 oz (453 g)",$15.94 ,4.6,328,https://www.iherb.com/pr/frontier-co-op-cut-sifted-passion-flower-herb-16-oz-453-g/30819
8,110043,OWH,Oregon's Wild Harvest,"Oregon's Wild Harvest, Organic Passionflower, 90 Organic Vegan Capsules",$13.10 ,4.7,110,https://www.iherb.com/pr/oregon-s-wild-harvest-organic-passionflower-90-organic-vegan-capsules/110043
9,5181,NTA,Nature's Answer,"Nature's Answer, Passionflower, 500 mg, 60 Vegetarian Capsule (250 mg per Capsule)",$10.12 ,4.7,761,https://www.iherb.com/pr/nature-s-answer-passionflower-500-mg-60-vegetarian-capsule-250-mg-per-capsule/5181
10,6802,TRA,Traditional Medicinals,"Traditional Medicinals, Organic Nighty Night, Chamomile & Passionflower, Caffeine Free, 16 Wrapped Tea Bags, 0.85 oz (24 g)",$6.49 ,4.5,5533,https://www.iherb.com/pr/traditional-medicinals-organic-nighty-night-chamomile-passionflower-caffeine-free-16-wrapped-tea-bags-0-85-oz-24-g/6802
11,117658,SWV,Swanson,"Swanson, Passion Flower Liquid Extract, Alcohol & Sugar Free, 1 fl oz (29.6 ml)",$7.91 ,4.6,64,https://www.iherb.com/pr/swanson-passion-flower-liquid-extract-alcohol-sugar-free-1-fl-oz-29-6-ml/117658
12,124355,SOR,Solaray,"Solaray, Vital Extracts, Passion FLower, 250 mg, 60 VegCaps",$13.49 ,4.8,34,https://www.iherb.com/pr/solaray-vital-extracts-passion-flower-250-mg-60-vegcaps/124355
13,51408,NAP,NaturesPlus,"NaturesPlus, Herbal Actives, Passion Flower, 250 mg, 60 Capsules",$14.05 ,4.6,173,https://www.iherb.com/pr/naturesplus-herbal-actives-passion-flower-250-mg-60-capsules/51408
14,5229,NTA,Nature's Answer,"Nature's Answer, Passionflower Aerial Parts, Fluid Extract, 2,000 mg, 1 fl oz (30 ml)",$12.74 ,4.6,308,https://www.iherb.com/pr/nature-s-answer-passionflower-aerial-parts-fluid-extract-2-000-mg-1-fl-oz-30-ml/5229
15,120250,BAC,Bach,"Bach, Rescue Plus, Mood & Stress Support, Orange, 60 Vegan Gummies",$15.74 ,4.4,82,https://www.iherb.com/pr/bach-rescue-plus-mood-stress-support-orange-60-vegan-gummies/120250
16,117952,SWV,Swanson,"Swanson, Chrysin Passionflower Extract, 30 Veggie Capsules",$12.59 ,4.6,84,https://www.iherb.com/pr/swanson-chrysin-passionflower-extract-30-veggie-capsules/117952
17,4635,PAR,Paradise Herbs,"Paradise Herbs, Passion Flower, 60 Vegetarian Capsules",$14.99 ,4.4,84,https://www.iherb.com/pr/paradise-herbs-passion-flower-60-vegetarian-capsules/4635
18,10998,HBP,Herb Pharm,"Herb Pharm, Passionflower, 1 fl oz (30 ml)",$15.89 ,4.6,116,https://www.iherb.com/pr/herb-pharm-passionflower-1-fl-oz-30-ml/10998
19,118385,SWV,Swanson,"Swanson, Lemon Balm, Passionflower, Skullcap Complex, 180 Capsules",$14.57 ,4.4,65,https://www.iherb.com/pr/swanson-lemon-balm-passionflower-skullcap-complex-180-capsules/118385
20,2992,ECL,Eclectic Herb,"Eclectic Herb, Valerian Passion Flower, 250 mg, 90 Veg Caps",$21.58 ,4.6,106,https://www.iherb.com/pr/eclectic-herb-valerian-passion-flower-250-mg-90-veg-caps/2992
21,88572,TWN,Twinings,"Twinings, Unwinding Passionflower Herbal Tea, Spiced Apple & Vanilla, Caffeine Free, 18 Tea Bags, 0.95 oz (27 g)",$5.25 ,4.7,901,https://www.iherb.com/pr/twinings-unwinding-passionflower-herbal-tea-spiced-apple-vanilla-caffeine-free-18-tea-bags-0-95-oz-27-g/88572
22,132382,TCB,The Patch Brand,"The Patch Brand, Sleep Patch, 15 Clear Patches",$9.89 ,4.3,238,https://www.iherb.com/pr/the-patch-brand-sleep-patch-15-clear-patches/132382
23,132384,TCB,The Patch Brand,"The Patch Brand, Calm Patch, 15 Clear Patches",$9.89 ,4.4,94,https://www.iherb.com/pr/the-patch-brand-calm-patch-15-clear-patches/132384
24,144948,NSK,Natural Stacks,"Natural Stacks, Apigenin+, 120 Vegan Capsules",$20.65 ,5.0,1,https://www.iherb.com/pr/natural-stacks-apigenin-120-vegan-capsules/144948
25,3054,FLO,Flora,"Flora, Cardio-Essence, 17 fl oz (500 ml)",$19.99 ,4.7,69,https://www.iherb.com/pr/flora-cardio-essence-17-fl-oz-500-ml/3054
26,141146,NLO,Natural Outcome,"Natural Outcome, Relax, Calming Facial Mist, 4 oz (120 ml)",$6.96 ,4.7,3,https://www.iherb.com/pr/natural-outcome-relax-calming-facial-mist-4-oz-120-ml/141146
27,135840,UNM,Unisom,"Unisom, Kids Simple Slumbers, Age 4+, Grape, 30 Gummies",$6.10 ,5.0,1,https://www.iherb.com/pr/unisom-kids-simple-slumbers-age-4-grape-30-gummies/135840
28,83009,LSE,LifeSeasons,"LifeSeasons, Rest-ZZZ, Sleep Support, 60 Veg Capsules",$26.34 ,4.2,199,https://www.iherb.com/pr/lifeseasons-rest-zzz-sleep-support-60-veg-capsules/83009
29,128584,LSE,LifeSeasons,"LifeSeasons, Rest-ZZZ, Sleep Support, 120 Veg Capsules",$47.59 ,5.0,2,https://www.iherb.com/pr/lifeseasons-rest-zzz-sleep-support-120-veg-capsules/128584
30,128567,LSE,LifeSeasons,"LifeSeasons, Rest-ZZZ, Melatonin-Free Sleep Support, 60 Veg Capsules",$26.34 ,4.6,20,https://www.iherb.com/pr/lifeseasons-rest-zzz-melatonin-free-sleep-support-60-veg-capsules/128567
31,134943,GPT,The Good Patch,"The Good Patch, Relax , 4 Patches",$12.00 ,4.9,7,https://www.iherb.com/pr/the-good-patch-relax-4-patches/134943
32,20583,MTG,Metagenics,"Metagenics, MyoCalm, 180 Tablets",$49.23 ,4.7,9,https://www.iherb.com/pr/metagenics-myocalm-180-tablets/20583
33,75625,JEF,Jeffrey James Botanicals,"Jeffrey James Botanicals, The Glow Ultimate Hydration Restoration, 1.0 oz (29 ml)",$35.20 ,4.7,354,https://www.iherb.com/pr/jeffrey-james-botanicals-the-glow-ultimate-hydration-restoration-1-0-oz-29-ml/75625
34,132432,OLE,OLLY,"OLLY, Plant Powered Rest, 30 Capsules",$19.99 ,3.4,5,https://www.iherb.com/pr/olly-plant-powered-rest-30-capsules/132432
35,76632,ZAH,Zahler,"Zahler, StressMaster, Relaxation Support Formula, 120 Capsules",$40.92 ,4.7,63,https://www.iherb.com/pr/zahler-stressmaster-relaxation-support-formula-120-capsules/76632
36,33748,GAI,Gaia Herbs,"Gaia Herbs, Sleep & Relax Herbal Tea, Caffeine-Free, 16 Tea Bags, 0.96 oz (27.2 g)",$5.52 ,4.5,1186,https://www.iherb.com/pr/gaia-herbs-sleep-relax-herbal-tea-caffeine-free-16-tea-bags-0-96-oz-27-2-g/33748
37,98964,NTB,Natural Balance,"Natural Balance, Cobra Women, 60 VegCaps",$22.49 ,4.5,153,https://www.iherb.com/pr/natural-balance-cobra-women-60-vegcaps/98964
38,85156,GAI,Gaia Herbs,"Gaia Herbs, Emotional Balance, 60 Vegan Liquid Phyto-Caps",$31.49 ,4.5,32,https://www.iherb.com/pr/gaia-herbs-emotional-balance-60-vegan-liquid-phyto-caps/85156
39,126453,OWH,Oregon's Wild Harvest,"Oregon's Wild Harvest, Organic Valerian Hops, 1 fl oz (30 ml)",$14.81 ,4.4,15,https://www.iherb.com/pr/oregon-s-wild-harvest-organic-valerian-hops-1-fl-oz-30-ml/126453
40,15871,HEC,Herbs Etc.,"Herbs Etc., Deep Sleep, Alcohol Free, 1 fl oz (30 ml)",$17.98 ,4.2,203,https://www.iherb.com/pr/herbs-etc-deep-sleep-alcohol-free-1-fl-oz-30-ml/15871
41,142999,HEC,Herbs Etc.,"Herbs Etc., Deep Sleep, Alcohol Free, 2 fl oz (59 ml)",$28.71 ,4.7,7,https://www.iherb.com/pr/herbs-etc-deep-sleep-alcohol-free-2-fl-oz-59-ml/142999
42,37431,SOR,Solaray,"Solaray, Sleep™ Blend SP-17, 100 VegCaps",$8.95 ,4.4,2305,https://www.iherb.com/pr/solaray-sleep-blend-sp-17-100-vegcaps/37431
43,92597,GIL,Gillette,"Gillette, Venus, Tropical, 3 Disposable Razors",$10.86 ,4.5,927,https://www.iherb.com/pr/gillette-venus-tropical-3-disposable-razors/92597
44,38862,GAI,Gaia Herbs,"Gaia Herbs, SleepThru, 60 Vegan Liquid Phyto-Caps",$32.39 ,4.5,336,https://www.iherb.com/pr/gaia-herbs-sleepthru-60-vegan-liquid-phyto-caps/38862
45,43957,MBM,Metabolic Maintenance,"Metabolic Maintenance, Stress Maintenance, 90 Capsules",$36.00 ,4.8,107,https://www.iherb.com/pr/metabolic-maintenance-stress-maintenance-90-capsules/43957
46,59338,DES,Desert Essence,"Desert Essence, Hand and Body Lotion, Island Mango, 8 fl oz (237 ml)",$7.64 ,4.5,677,https://www.iherb.com/pr/desert-essence-hand-and-body-lotion-island-mango-8-fl-oz-237-ml/59338
47,63371,NWY,Nature's Way,"Nature's Way, Sambucus, Nighttime Syrup with Melatonin, Elderberry, 4 fl oz (120 ml)",$9.62 ,4.8,4,https://www.iherb.com/pr/nature-s-way-sambucus-nighttime-syrup-with-melatonin-elderberry-4-fl-oz-120-ml/63371
48,139458,NRO,NeuroGum,"NeuroGum, NeuroMints, Sleep & Recharge, Mixed Berry, 6 Packs, 12 Meltaway Mints Each",$24.99 ,5.0,5,https://www.iherb.com/pr/neurogum-neuromints-sleep-recharge-mixed-berry-6-packs-12-meltaway-mints-each/139458
49,126441,OWH,Oregon's Wild Harvest,"Oregon's Wild Harvest, Kids Tranquil Child, 1 fl oz (30 ml)",$13.17 ,4.2,4,https://www.iherb.com/pr/oregon-s-wild-harvest-kids-tranquil-child-1-fl-oz-30-ml/126441
50,4861,NTB,Natural Balance,"Natural Balance, Happy Camper, Mood, 120 Vegcaps",$28.99 ,4.4,193,https://www.iherb.com/pr/natural-balance-happy-camper-mood-120-vegcaps/4861
51,15862,HEC,Herbs Etc.,"Herbs Etc., Deep Sleep, 120 Softgels",$48.27 ,4.3,488,https://www.iherb.com/pr/herbs-etc-deep-sleep-120-softgels/15862
52,98973,SOR,Solaray,"Solaray, Extra-Strength IbuActin PM, 90 VegCaps",$26.99 ,4.7,117,https://www.iherb.com/pr/solaray-extra-strength-ibuactin-pm-90-vegcaps/98973
53,123050,GAI,Gaia Herbs,"Gaia Herbs, SleepThru, 120 Vegan Liquid Phyto-Caps",$54.89 ,4.5,336,https://www.iherb.com/pr/gaia-herbs-sleepthru-120-vegan-liquid-phyto-caps/123050
54,145031,TRA,Traditional Medicinals,"Traditional Medicinals, Nighty Night Extra®, Organic Lemon Balm & Valerian, Caffeine Free, 48 Wrapped Tea Bags, 2.53 oz (72 g)",$15.29 ,4.4,5443,https://www.iherb.com/pr/traditional-medicinals-nighty-night-extra-organic-lemon-balm-valerian-caffeine-free-48-wrapped-tea-bags-2-53-oz-72-g/145031
55,46061,ETB,Earth's Bounty,"Earth's Bounty, Sleep Perfect, 60 Capsules",$19.99 ,4.3,109,https://www.iherb.com/pr/earth-s-bounty-sleep-perfect-60-capsules/46061
56,139356,BAC,Bach,"Bach, Rescue Pet, Calming Chews, For Dogs, Peanut Butter & Apple, 60 Soft Chews, 6.35 oz (180 g)",$19.99 ,4.3,6,https://www.iherb.com/pr/bach-rescue-pet-calming-chews-for-dogs-peanut-butter-apple-60-soft-chews-6-35-oz-180-g/139356
57,117853,SWV,Swanson,"Swanson, Sleep Essentials, 60 Veggie Capsules",$4.49 ,4.6,356,https://www.iherb.com/pr/swanson-sleep-essentials-60-veggie-capsules/117853
58,116490,NDN,Nested Naturals,"Nested Naturals, Luna, Gentle Sleep Supplement with Melatonin, 60 Vegan Capsules",$19.95 ,4.5,37,https://www.iherb.com/pr/nested-naturals-luna-gentle-sleep-supplement-with-melatonin-60-vegan-capsules/116490
59,141633,MTN,M3 Naturals,"M3 Naturals, Lavender Massage Oil, 8 fl oz (240 ml)",$24.99 ,4.3,6,https://www.iherb.com/pr/m3-naturals-lavender-massage-oil-8-fl-oz-240-ml/141633
60,129076,NCS,Nutricost,"Nutricost, Sleep Aid Complex , 90 Capsules",$11.95 ,4.5,76,https://www.iherb.com/pr/nutricost-sleep-aid-complex-90-capsules/129076
61,142876,ZAH,Zahler,"Zahler, Mantra Labs, Rest, Lemon Chamomile, 4.8 oz (135 g)",$29.22 ,5.0,48,https://www.iherb.com/pr/zahler-mantra-labs-rest-lemon-chamomile-4-8-oz-135-g/142876
62,143354,HEC,Herbs Etc.,"Herbs Etc., Deep Sleep®, 10 Softgels",$7.63 ,4.3,488,https://www.iherb.com/pr/herbs-etc-deep-sleep-10-softgels/143354
63,101871,BAB,Mommy's Bliss,"Mommy's Bliss, Organic, Little Gums Soothing Massage Gel, Day/Night Pack, Age 2 Months+, 2 Tubes , 0.53 oz (15 g) Each",$10.07 ,4.7,1123,https://www.iherb.com/pr/mommy-s-bliss-organic-little-gums-soothing-massage-gel-day-night-pack-age-2-months-2-tubes-0-53-oz-15-g-each/101871
64,121027,GAI,Gaia Herbs,"Gaia Herbs, Relax, 45 Gummies",$17.99 ,4.9,16,https://www.iherb.com/pr/gaia-herbs-relax-45-gummies/121027
65,70019,SOR,Solaray,"Solaray, Female Hormone Blend SP-7C, 100 VegCaps",$10.77 ,4.5,4099,https://www.iherb.com/pr/solaray-female-hormone-blend-sp-7c-100-vegcaps/70019
66,69502,HBP,Herb Pharm,"Herb Pharm, Kids, Fast Asleep, Alcohol Free, 1 fl oz (30 ml)",$10.22 ,4.2,232,https://www.iherb.com/pr/herb-pharm-kids-fast-asleep-alcohol-free-1-fl-oz-30-ml/69502
67,56089,HBP,Herb Pharm,"Herb Pharm, Anxiety Soother, Lavender, 1 fl oz (30 ml)",$15.89 ,4.2,145,https://www.iherb.com/pr/herb-pharm-anxiety-soother-lavender-1-fl-oz-30-ml/56089
68,101961,MGF,MegaFood,"MegaFood, Herbal Sleep, 60 Capsules",$34.99 ,4.5,83,https://www.iherb.com/pr/megafood-herbal-sleep-60-capsules/101961
69,5500,YGT,Yogi Tea,"Yogi Tea, Bedtime, Caffeine Free, 16 Tea Bags, .85 oz (24 g)",$4.48 ,4.5,12822,https://www.iherb.com/pr/yogi-tea-bedtime-caffeine-free-16-tea-bags-85-oz-24-g/5500
70,101666,NFS,Natural Factors,"Natural Factors, 3 Brains, The Best-Sleep, 90 Vegetarian Capsules",$18.71 ,4.4,361,https://www.iherb.com/pr/natural-factors-3-brains-the-best-sleep-90-vegetarian-capsules/101666
71,122722,NTH,Nature's Truth,"Nature's Truth, Calm Caps, 90 Quick Release Capsules",$12.29 ,4.6,30,https://www.iherb.com/pr/nature-s-truth-calm-caps-90-quick-release-capsules/122722
72,102025,NWY,Nature's Way,"Nature's Way, Sambucus®, Sleep & Immune Elderberry Gummy with Melatonin, Vitamin C & Zinc, 50 Gummies",$15.11 ,4.6,353,https://www.iherb.com/pr/nature-s-way-sambucus-sleep-immune-elderberry-gummy-with-melatonin-vitamin-c-zinc-50-gummies/102025
73,132556,NWY,Nature's Way,"Nature's Way, Sambucus, Sleep + Immune, 30 Gummies",$8.99 ,4.9,15,https://www.iherb.com/pr/nature-s-way-sambucus-sleep-immune-30-gummies/132556
74,128803,LIL,L'il Critters,"L'il Critters, Melatonin-Free Bedtime Gummies, Cherry Peach, 60 Gummies",$9.46 ,4.4,89,https://www.iherb.com/pr/l-il-critters-melatonin-free-bedtime-gummies-cherry-peach-60-gummies/128803
75,116611,WGH,WishGarden Herbs,"WishGarden Herbs, Serious PM Cough Soothing Syrup, 4 fl oz (120 ml)",$15.29 ,4.6,52,https://www.iherb.com/pr/wishgarden-herbs-serious-pm-cough-soothing-syrup-4-fl-oz-120-ml/116611
76,113252,NLD,Natural Dog Company,"Natural Dog Company, Calming Soft Chews, For Dogs, All Ages, 90 Soft Chewable Bites, 9.5 oz (270 g)",$28.95 ,4.4,22,https://www.iherb.com/pr/natural-dog-company-calming-soft-chews-for-dogs-all-ages-90-soft-chewable-bites-9-5-oz-270-g/113252
77,141624,YGT,Yogi Tea,"Yogi Tea, Stress + Sleep, Cinnamon Horchata, Caffeine Free, 16 Tea Bags, 1.12 oz (32 g)",$4.48 ,4.7,55,https://www.iherb.com/pr/yogi-tea-stress-sleep-cinnamon-horchata-caffeine-free-16-tea-bags-1-12-oz-32-g/141624
78,136117,ZTP,Zesty Paws,"Zesty Paws, Lil' Zesties, Calming Squares, For Dogs, All Ages, Smoked Chicken, 10 oz (283 g)",$11.88 ,4.7,6,https://www.iherb.com/pr/zesty-paws-lil-zesties-calming-squares-for-dogs-all-ages-smoked-chicken-10-oz-283-g/136117
79,113924,FOA,Force Factor,"Force Factor, Somnapure®, Melatonin + Natural Botanicals, Dream Berry, 8 fl oz (237 ml)",$14.33 ,4.6,45,https://www.iherb.com/pr/force-factor-somnapure-melatonin-natural-botanicals-dream-berry-8-fl-oz-237-ml/113924
80,4605,NTB,Natural Balance,"Natural Balance, HTP Calm, 60 VegCaps",$21.99 ,4.1,47,https://www.iherb.com/pr/natural-balance-htp-calm-60-vegcaps/4605
81,126027,ABR,Abra Therapeutics,"Abra Therapeutics, Aromasaurus Sleep, Aroma Therapy Bubble Bath, 20 oz (566 g)",$10.75 ,3.4,23,https://www.iherb.com/pr/abra-therapeutics-aromasaurus-sleep-aroma-therapy-bubble-bath-20-oz-566-g/126027
82,56485,FLO,Flora,"Flora, Sleep-Essence, 17 fl oz (500 ml)",$18.28 ,3.9,10,https://www.iherb.com/pr/flora-sleep-essence-17-fl-oz-500-ml/56485
83,101873,BAB,Mommy's Bliss,"Mommy's Bliss, Kids Sleep Liquid, Melatonin, Kids 3 Yrs +, Natural Grape, 4 fl oz (120 ml)",$6.79 ,4.8,2681,https://www.iherb.com/pr/mommy-s-bliss-kids-sleep-liquid-melatonin-kids-3-yrs-natural-grape-4-fl-oz-120-ml/101873
84,107213,NWY,Nature's Way,"Nature's Way, Sleep Tonight™, Melatonin Drops With L-Theanine® & Herbals, Non-Alcoholic, Cherry, 2 fl oz ( 59 ml)",$15.26 ,4.7,70,https://www.iherb.com/pr/nature-s-way-sleep-tonight-melatonin-drops-with-l-theanine-herbals-non-alcoholic-cherry-2-fl-oz-59-ml/107213
85,119186,OLE,OLLY,"OLLY, Sleep, Blackberry Zen, 70 Gummies",$17.99 ,4.7,109,https://www.iherb.com/pr/olly-sleep-blackberry-zen-70-gummies/119186
86,6807,TRA,Traditional Medicinals,"Traditional Medicinals, Organic Cup of Calm, Chamomile Mint, Caffeine Free, 16 Wrapped Tea Bags, 0.85 oz (24 g)",$6.49 ,4.7,787,https://www.iherb.com/pr/traditional-medicinals-organic-cup-of-calm-chamomile-mint-caffeine-free-16-wrapped-tea-bags-0-85-oz-24-g/6807
87,63379,TRA,Traditional Medicinals,"Traditional Medicinals, Organic Nighty Night Extra, Lemon Balm & Valerian, Caffeine Free, 16 Wrapped Tea Bags, 0.85 oz (24 g)",$6.49 ,4.4,5443,https://www.iherb.com/pr/traditional-medicinals-organic-nighty-night-extra-lemon-balm-valerian-caffeine-free-16-wrapped-tea-bags-0-85-oz-24-g/63379
88,39374,NOW,NOW Foods,"NOW Foods, Sleep, 90 Veg Capsules",$15.30 ,4.4,2625,https://www.iherb.com/pr/now-foods-sleep-90-veg-capsules/39374
89,122463,NLD,Natural Dog Company,"Natural Dog Company, Calming Oil, For Dogs, All Ages, Peanut Butter & Bacon, 16 fl oz (473 ml)",$18.93 ,4.7,7,https://www.iherb.com/pr/natural-dog-company-calming-oil-for-dogs-all-ages-peanut-butter-bacon-16-fl-oz-473-ml/122463
90,101874,BAB,Mommy's Bliss,"Mommy's Bliss, Kids Sleep Chewable, Melatonin + Magnesium, Kids 3 Yrs+, Natural Grape, 35 Chewable Tablets",$5.58 ,4.8,5437,https://www.iherb.com/pr/mommy-s-bliss-kids-sleep-chewable-melatonin-magnesium-kids-3-yrs-natural-grape-35-chewable-tablets/101874
91,137864,PHV,ProHealth Longevity,"ProHealth Longevity, Sleep Longevity, 60 Capsules",$28.89 ,4.2,12,https://www.iherb.com/pr/prohealth-longevity-sleep-longevity-60-capsules/137864
92,113157,SOL,Solgar,"Solgar, Sleep & Stress Support, 60 Vegetable Capsules",$17.24 ,4.5,240,https://www.iherb.com/pr/solgar-sleep-stress-support-60-vegetable-capsules/113157
93,119167,OLE,OLLY,"OLLY, Sleep, Blackberry Zen, 50 Gummies",$15.99 ,4.7,119,https://www.iherb.com/pr/olly-sleep-blackberry-zen-50-gummies/119167
94,115403,TEO,Terra Origin,"Terra Origin, Healthy Sleep & Wake, 60 Capsules",$24.99 ,4.4,114,https://www.iherb.com/pr/terra-origin-healthy-sleep-wake-60-capsules/115403
95,107739,ATN,Ancient Nutrition,"Ancient Nutrition, Sleep, Stress & Sleep Support, 60 Capsules",$25.46 ,4.2,82,https://www.iherb.com/pr/ancient-nutrition-sleep-stress-sleep-support-60-capsules/107739
96,119320,TRA,Traditional Medicinals,"Traditional Medicinals, Organic Cold Care PM, Meadowsweet Cinnamon, Caffeine Free, 16 Wrapped Tea Bags, 1.13 oz (32 g)",$5.58 ,4.8,78,https://www.iherb.com/pr/traditional-medicinals-organic-cold-care-pm-meadowsweet-cinnamon-caffeine-free-16-wrapped-tea-bags-1-13-oz-32-g/119320
97,129640,MHN,Michael's Naturopathic,"Michael's Naturopathic, For Women's Changes, 180 Vegetarian Tablets",$35.27 ,5.0,3,https://www.iherb.com/pr/michael-s-naturopathic-for-women-s-changes-180-vegetarian-tablets/129640
98,55506,HPI,Health Plus,"Health Plus, Super Colon Cleanse, Night, 60 Capsules",$13.49 ,4.5,374,https://www.iherb.com/pr/health-plus-super-colon-cleanse-night-60-capsules/55506
99,73738,SOR,Solaray,"Solaray, Nerve Blend SP-14™, 100 VegCaps",$9.59 ,4.7,290,https://www.iherb.com/pr/solaray-nerve-blend-sp-14-100-vegcaps/73738
100,85257,GOL,Garden of Life,"Garden of Life, Organics, Sleep Well, Rest & Refresh, 30 Vegan Tablets",$23.09 ,4.3,362,https://www.iherb.com/pr/garden-of-life-organics-sleep-well-rest-refresh-30-vegan-tablets/85257
101,106752,VFU,VitaFusion,"VitaFusion, Kids, Melatonin Gummies, For Ages 4+, Natural Tropical Peach, 1.5 mg, 50 Gummies",$10.31 ,4.7,149,https://www.iherb.com/pr/vitafusion-kids-melatonin-gummies-for-ages-4-natural-tropical-peach-1-5-mg-50-gummies/106752
102,145387,JYS,JoySpring,"JoySpring, Calmify, Liquid Magnesium, 1 fl oz (30 ml)",$24.99 ,4.7,272,https://www.iherb.com/pr/joyspring-calmify-liquid-magnesium-1-fl-oz-30-ml/145387
103,99064,NTA,Nature's Answer,"Nature's Answer, Melatonin+, 5 mg, 60 Vegetarian Capsules",$9.44 ,4.7,375,https://www.iherb.com/pr/nature-s-answer-melatonin-5-mg-60-vegetarian-capsules/99064
104,69776,EMR,Emerald Laboratories,"Emerald Laboratories, Sleep Health, 60 Vegetable Caps",$29.66 ,3.3,3,https://www.iherb.com/pr/emerald-laboratories-sleep-health-60-vegetable-caps/69776
105,132873,ORA,Ora,"Ora, You're a Knockout, Sleep & Stress Support, 60 Capsules",$37.99 ,4.5,13,https://www.iherb.com/pr/ora-you-re-a-knockout-sleep-stress-support-60-capsules/132873
106,132814,SCS,Secrets of Tea,"Secrets of Tea, Organic Get Pregnant Fertility Tea, Fruits, Caffeine Free, 20 Tea Bags, 1.41 oz (40 g)",$12.80 ,4.5,21,https://www.iherb.com/pr/secrets-of-tea-organic-get-pregnant-fertility-tea-fruits-caffeine-free-20-tea-bags-1-41-oz-40-g/132814
107,132798,SCS,Secrets of Tea,"Secrets of Tea, Organic Get Pregnant Fertility Tea, Peppermint, Caffeine Free, 20 Tea Bags, 1.41 oz (40 g)",$11.20 ,4.8,10,https://www.iherb.com/pr/secrets-of-tea-organic-get-pregnant-fertility-tea-peppermint-caffeine-free-20-tea-bags-1-41-oz-40-g/132798
108,130782,NTB,Natural Balance,"Natural Balance, Happy Camper, Stress Chill, 120 Vegcaps",$31.99 ,4.5,6,https://www.iherb.com/pr/natural-balance-happy-camper-stress-chill-120-vegcaps/130782
109,74978,CSR,Crystal Star,"Crystal Star, Night Caps, 60 Vegetarian Capsules",$15.89 ,4.5,45,https://www.iherb.com/pr/crystal-star-night-caps-60-vegetarian-capsules/74978
110,72473,KIM,Kirkman Labs,"Kirkman Labs, Herbal Sleep Aid, 60 Capsules",$24.00 ,4.3,33,https://www.iherb.com/pr/kirkman-labs-herbal-sleep-aid-60-capsules/72473
111,86251,AMX,ALLMAX,"ALLMAX, Lights Out Sleep™, 60 Capsules",$22.48 ,4.4,457,https://www.iherb.com/pr/allmax-lights-out-sleep-60-capsules/86251
112,119188,OLE,OLLY,"OLLY, Kids Sleep, Razzzberry , 70 Gummies",$17.99 ,4.7,51,https://www.iherb.com/pr/olly-kids-sleep-razzzberry-70-gummies/119188
113,134276,SUE,Summer's Eve,"Summer's Eve, Daily Refreshing Wash, Island Splash , 9 fl oz (266 ml)",$5.01 ,4.7,108,https://www.iherb.com/pr/summer-s-eve-daily-refreshing-wash-island-splash-9-fl-oz-266-ml/134276
114,138806,HBP,Herb Pharm,"Herb Pharm, Kids, Herbal Hug, Alcohol Free, 1 fl oz (30 ml)",$10.22 ,4.7,13,https://www.iherb.com/pr/herb-pharm-kids-herbal-hug-alcohol-free-1-fl-oz-30-ml/138806
115,19007,SOR,Solaray,"Solaray, Malic Acid Magnesium, 90 Capsules",$15.99 ,4.9,13,https://www.iherb.com/pr/solaray-malic-acid-magnesium-90-capsules/19007
116,74979,CSR,Crystal Star,"Crystal Star, Focus, 60 Vegetarian Capsules",$15.89 ,5.0,3,https://www.iherb.com/pr/crystal-star-focus-60-vegetarian-capsules/74979
117,137739,BEL,Bell Lifestyle,"Bell Lifestyle, Sleep & Relax Tea, 20 Tea Bags, 30 g",$8.07 ,4.9,9,https://www.iherb.com/pr/bell-lifestyle-sleep-relax-tea-20-tea-bags-30-g/137739
118,111691,BDH,Buddha Teas,"Buddha Teas, Organic Herbal Tea, Calm Buddha Blend, Caffeine Free, 18 Tea Bags, 0.95 oz (27 g)",$6.99 ,4.7,351,https://www.iherb.com/pr/buddha-teas-organic-herbal-tea-calm-buddha-blend-caffeine-free-18-tea-bags-0-95-oz-27-g/111691
119,139344,FOX,Floradix,"Floradix, Ashwagandha, 8.5 fl oz (250 ml)",$28.79 ,4.0,2,https://www.iherb.com/pr/floradix-floradix-ashwagandha-8-5-fl-oz-250-ml/139344
120,121388,HHH,Happy Healthy Hippie,"Happy Healthy Hippie, Namastay In Bed, Plant-Based Sleep Aid, 60 Veggie Capsules",$18.95 ,4.7,6,https://www.iherb.com/pr/happy-healthy-hippie-namastay-in-bed-plant-based-sleep-aid-60-veggie-capsules/121388
121,103615,NWY,Nature's Way,"Nature's Way, Kids, Cool, Calm & Collected, Ages 8 +, Grape , 40 Gummies",$9.54 ,4.6,2021,https://www.iherb.com/pr/nature-s-way-kids-cool-calm-collected-ages-8-grape-40-gummies/103615
122,120864,FOA,Force Factor,"Force Factor, Ultimate Magnesium, Orange Creamsicle, 330 mg, 60  Soft Chews (165 mg per Chew)",$14.98 ,4.8,56,https://www.iherb.com/pr/force-factor-ultimate-magnesium-orange-creamsicle-330-mg-60-soft-chews-165-mg-per-chew/120864
123,144857,SMF,The Smurfs,"The Smurfs, Kids Gummy, Calm & Relaxed, Ages 3+, Smurf Berry, 80 Gummies",$12.78 ,4.8,438,https://www.iherb.com/pr/the-smurfs-kids-gummy-calm-relaxed-ages-3-smurf-berry-80-gummies/144857
124,70243,VFU,VitaFusion,"VitaFusion, SleepWell, Natural White Tea & Peach, 60 Gummies",$8.50 ,4.5,2392,https://www.iherb.com/pr/vitafusion-sleepwell-natural-white-tea-peach-60-gummies/70243
125,140520,GLH,Global Healing,"Global Healing, Advanced Stress Relief, 120 Capsules",$42.46 ,5.0,7,https://www.iherb.com/pr/global-healing-advanced-stress-relief-120-capsules/140520
126,57444,CSR,Crystal Star,"Crystal Star, Muscle Relax, 60 Vegetarian Capsules",$22.70 ,4.2,142,https://www.iherb.com/pr/crystal-star-muscle-relax-60-vegetarian-capsules/57444
127,116626,WGH,WishGarden Herbs,"WishGarden Herbs, Liquid Bliss, Peace, Heart & Happiness, 2 fl. oz. (59 ml)",$17.49 ,4.6,7,https://www.iherb.com/pr/wishgarden-herbs-liquid-bliss-peace-heart-happiness-2-fl-oz-59-ml/116626
128,106908,NCR,New Chapter,"New Chapter, Restful Sleep and Pain Relief, Melatonin & Ginger, 30 Vegetarian Capsules",$17.97 ,4.4,30,https://www.iherb.com/pr/new-chapter-restful-sleep-and-pain-relief-melatonin-ginger-30-vegetarian-capsules/106908
129,126043,OGF,Organifi,"Organifi, Gold, Chocolate, 7.16 oz (202.9 g)",$59.46 ,4.7,15,https://www.iherb.com/pr/organifi-gold-chocolate-7-16-oz-202-9-g/126043
130,124380,SOR,Solaray,"Solaray, Eurocalm with Valerian, 60 VegCaps",$14.99 ,4.6,9,https://www.iherb.com/pr/solaray-eurocalm-with-valerian-60-vegcaps/124380
131,126451,OWH,Oregon's Wild Harvest,"Oregon's Wild Harvest, Biodynamic, SawLogs, Vanilla + Lavender, 1 fl oz (30 ml)",$9.42 ,4.8,4,https://www.iherb.com/pr/oregon-s-wild-harvest-biodynamic-sawlogs-vanilla-lavender-1-fl-oz-30-ml/126451
132,113156,SOL,Solgar,"Solgar, Sleep & Stress Support, 30 Vegetable Capsules",$9.74 ,4.5,240,https://www.iherb.com/pr/solgar-sleep-stress-support-30-vegetable-capsules/113156
133,119187,OLE,OLLY,"OLLY, Sleep, Blackberry Zen, 70 Gummies",$19.99 ,4.7,119,https://www.iherb.com/pr/olly-sleep-blackberry-zen-70-gummies/119187
134,18655,GAI,Gaia Herbs,"Gaia Herbs, Sound Sleep, 120 Vegan Liquid Phyto-Caps",$46.16 ,4.4,143,https://www.iherb.com/pr/gaia-herbs-sound-sleep-120-vegan-liquid-phyto-caps/18655
135,121212,ZUM,ZUM,"ZUM, Hand & Body Lotion, Sea Salt, 6 fl oz (177 ml)",$6.30 ,4.6,55,https://www.iherb.com/pr/zum-hand-body-lotion-sea-salt-6-fl-oz-177-ml/121212
136,121209,ZUM,ZUM,"ZUM, Hand & Body Lotion, Lavender, 6 fl oz (177 ml)",$9.00 ,4.7,39,https://www.iherb.com/pr/zum-hand-body-lotion-lavender-6-fl-oz-177-ml/121209
137,81876,NBG,Nutra BioGenesis,"Nutra BioGenesis, Stress Factors, 60 Capsules",$34.49 ,4.5,33,https://www.iherb.com/pr/nutra-biogenesis-stress-factors-60-capsules/81876
138,126449,OWH,Oregon's Wild Harvest,"Oregon's Wild Harvest, Biodynamic, Namaste, Cherry, Lavender, 1 fl oz (30 ml)",$12.11 ,4.8,8,https://www.iherb.com/pr/oregon-s-wild-harvest-biodynamic-namaste-cherry-lavender-1-fl-oz-30-ml/126449
139,23914,BEL,Bell Lifestyle,"Bell Lifestyle, Good Night's Sleep, 60 Veggie Capsules",$21.47 ,4.0,13,https://www.iherb.com/pr/bell-lifestyle-good-night-s-sleep-60-veggie-capsules/23914
140,50270,MAV,Mason Natural,"Mason Natural, Relax & Sleep, 90 Tablets",$6.12 ,4.4,2838,https://www.iherb.com/pr/mason-natural-relax-sleep-90-tablets/50270
141,119190,OLE,OLLY,"OLLY, Sleep, 60 Softgels",$19.99 ,4.5,596,https://www.iherb.com/pr/olly-sleep-60-softgels/119190
142,121207,ZUM,ZUM,"ZUM, Hand & Body Lotion, Almond, 6 fl oz (177 ml)",$9.00 ,4.3,36,https://www.iherb.com/pr/zum-hand-body-lotion-almond-6-fl-oz-177-ml/121207
143,19002,SOR,Solaray,"Solaray, Female Hormone Blend SP-7C, 180 VegCaps",$18.40 ,4.5,4099,https://www.iherb.com/pr/solaray-female-hormone-blend-sp-7c-180-vegcaps/19002
144,105634,ECL,Eclectic Herb,"Eclectic Herb, Kids Herbal Glycerite, Sleep, 2 fl oz (60 ml)",$22.62 ,4.2,47,https://www.iherb.com/pr/eclectic-herb-kids-herbal-glycerite-sleep-2-fl-oz-60-ml/105634
145,66284,NOW,NOW Foods,"NOW Foods, Pets, Pet Relaxant for Dogs/Cats, 90 Chewable Tablets, 3.33 oz (94.5 g)",$17.14 ,3.9,168,https://www.iherb.com/pr/now-foods-pets-pet-relaxant-for-dogs-cats-90-chewable-tablets-3-33-oz-94-5-g/66284
146,133621,OLE,OLLY,"OLLY, Sleep Gummies, Maximum Strength, Sugar Free, Strawberry Sunset, 5 mg, 70 Gummies",$21.99 ,4.7,7,https://www.iherb.com/pr/olly-sleep-gummies-maximum-strength-sugar-free-strawberry-sunset-5-mg-70-gummies/133621
147,132439,OLE,OLLY,"OLLY, Sleep, Maximum Strength, Strawberry Sunset, 50 Gummies",$17.99 ,5.0,1,https://www.iherb.com/pr/olly-sleep-maximum-strength-strawberry-sunset-50-gummies/132439
148,119164,OLE,OLLY,"OLLY, Kids Sleep, Razzzberry, 50 Gummies",$13.99 ,4.7,51,https://www.iherb.com/pr/olly-kids-sleep-razzzberry-50-gummies/119164
149,126042,OGF,Organifi,"Organifi, Original Gold, Superfood Supplement, 6.91 oz (196 g)",$59.46 ,4.9,10,https://www.iherb.com/pr/organifi-original-gold-superfood-supplement-6-91-oz-196-g/126042
150,20582,MTG,Metagenics,"Metagenics, MyoCalm  Plus, 180 Tablets",$55.55 ,4.2,8,https://www.iherb.com/pr/metagenics-myocalm-plus-180-tablets/20582
151,126003,BYN,Banyan Botanicals,"Banyan Botanicals, Tranquil Mind™, 90 Tablets",$26.99 ,5.0,5,https://www.iherb.com/pr/banyan-botanicals-tranquil-mind-90-tablets/126003
152,117577,SWV,Swanson,"Swanson, Full Spectrum Hops, 310 mg, 180 Capsules",$8.90 ,4.8,67,https://www.iherb.com/pr/swanson-full-spectrum-hops-310-mg-180-capsules/117577
153,116928,CRK,Creekside Natural Therapeutics,"Creekside Natural Therapeutics, Children's, Zen Comfort, Berry, 45 Soft Chewables",$15.99 ,4.5,65,https://www.iherb.com/pr/creekside-natural-therapeutics-children-s-zen-comfort-berry-45-soft-chewables/116928
154,130543,NPP,Snap Supplements,"Snap Supplements, Nerve Health, 60 Capsules",$31.41 ,4.6,10,https://www.iherb.com/pr/snap-supplements-nerve-health-60-capsules/130543
155,134730,OAT,Oat Mama,"Oat Mama, Fertility Tea, Raspberry Vanilla, Caffeine Free, 14 Tea Bags, 32 g",$17.14 ,4.8,4,https://www.iherb.com/pr/oat-mama-fertility-tea-raspberry-vanilla-caffeine-free-14-tea-bags-32-g/134730
156,111126,BYN,Banyan Botanicals,"Banyan Botanicals, I Sleep Soundly, 90 Tablets",$26.99 ,4.4,52,https://www.iherb.com/pr/banyan-botanicals-i-sleep-soundly-90-tablets/111126
157,138727,MTG,Metagenics,"Metagenics, MyoCalm Plus, 60 Tablets",$21.73 ,4.2,5,https://www.iherb.com/pr/metagenics-myocalm-plus-60-tablets/138727
158,59337,DES,Desert Essence,"Desert Essence, Hand & Body Lotion, Italian Lemon, 8 fl oz (237 ml)",$7.64 ,4.4,530,https://www.iherb.com/pr/desert-essence-hand-body-lotion-italian-lemon-8-fl-oz-237-ml/59337
159,70134,CAL,KAL,"KAL, Dinosaurs, Relax-a-Saurus, Grape, 30 Chewables",$8.50 ,4.7,1664,https://www.iherb.com/pr/kal-dinosaurs-relax-a-saurus-grape-30-chewables/70134
160,2694,NFS,Natural Factors,"Natural Factors, Sleep Relax with Valerian & Hops, 90 Capsules",$13.97 ,4.4,3344,https://www.iherb.com/pr/natural-factors-sleep-relax-with-valerian-hops-90-capsules/2694
161,15315,HBP,Herb Pharm,"Herb Pharm, Relaxing Sleep, 1 fl oz (30 ml)",$15.89 ,4.3,175,https://www.iherb.com/pr/herb-pharm-relaxing-sleep-1-fl-oz-30-ml/15315
162,111453,NTA,Nature's Answer,"Nature's Answer, Melatonin + Sambucus, Alcohol-Free, 4 fl oz (120 ml)",$12.14 ,4.7,41,https://www.iherb.com/pr/nature-s-answer-melatonin-sambucus-alcohol-free-4-fl-oz-120-ml/111453
163,79840,IRW,Irwin Naturals,"Irwin Naturals, Good Mood Sleep PM, 54 Liquid Soft-Gels",$16.99 ,4.6,142,https://www.iherb.com/pr/irwin-naturals-good-mood-sleep-pm-54-liquid-soft-gels/79840
164,121090,CNH,Chew + Heal,"Chew + Heal, Anxiety + Stress, For Dogs, 30 Soft Chews, 2.3 oz (66 g)",$7.87 ,3.8,26,https://www.iherb.com/pr/chew-heal-anxiety-stress-for-dogs-30-soft-chews-2-3-oz-66-g/121090
165,132404,WGH,WishGarden Herbs,"WishGarden Herbs, P.M.S. Emotional Mood Support, 2 fl oz (59 ml)",$17.49 ,4.0,3,https://www.iherb.com/pr/wishgarden-herbs-p-m-s-emotional-mood-support-2-fl-oz-59-ml/132404
166,116630,WGH,WishGarden Herbs,"WishGarden Herbs, Sleepy Nights & Fresh Mornings, 2 fl oz (59 ml)",$17.49 ,4.0,13,https://www.iherb.com/pr/wishgarden-herbs-sleepy-nights-fresh-mornings-2-fl-oz-59-ml/116630
167,132392,WGH,WishGarden Herbs,"WishGarden Herbs, Postpartum Emotional Baby Blues, 2 fl oz (59 ml)",$19.99 ,4.6,11,https://www.iherb.com/pr/wishgarden-herbs-postpartum-emotional-baby-blues-2-fl-oz-59-ml/132392
168,42971,OWH,Oregon's Wild Harvest,"Oregon's Wild Harvest, Organic Sleep Better, 90 Vegan Capsules",$18.86 ,4.4,159,https://www.iherb.com/pr/oregon-s-wild-harvest-organic-sleep-better-90-vegan-capsules/42971
169,111135,CDL,ChildLife Essentials,"ChildLife Essentials, Kids, Sleep Essential®, Natural Berry, 2 fl oz (59 ml)",$14.69 ,4.5,125,https://www.iherb.com/pr/childlife-essentials-kids-sleep-essential-natural-berry-2-fl-oz-59-ml/111135
170,142271,NAU,NATURELO,"NATURELO, Sleep Formula, 60 Vegetarian Capsules",$24.95 ,3.0,2,https://www.iherb.com/pr/naturelo-sleep-formula-60-vegetarian-capsules/142271
171,114587,NHP,NutraChamps,"NutraChamps, Sleep, Natural Berry, 60 Vegan Gummies",$19.95 ,4.7,224,https://www.iherb.com/pr/nutrachamps-sleep-natural-berry-60-vegan-gummies/114587
172,110364,MRO,MaryRuth's,"MaryRuth's, Organic, Adrenal & Focus Liquid Extract, Alcohol Free , 1 fl oz (30 ml)",$24.95 ,4.7,152,https://www.iherb.com/pr/maryruth-s-organic-adrenal-focus-liquid-extract-alcohol-free-1-fl-oz-30-ml/110364
173,15856,HEC,Herbs Etc.,"Herbs Etc., Lung Tonic, 60 Softgels",$30.58 ,4.6,320,https://www.iherb.com/pr/herbs-etc-lung-tonic-60-softgels/15856
174,144472,EVL,EVLution Nutrition,"EVLution Nutrition, RelaxMode, 45 Veggie Capsules",$4.87 ,4.7,19,https://www.iherb.com/pr/evlution-nutrition-relaxmode-45-veggie-capsules/144472
176,85264,GOL,Garden of Life,"Garden of Life, MyKind Organics, Sleep Well, R&R Spray, 2 fl oz (58 ml)",$23.09 ,4.4,373,https://www.iherb.com/pr/garden-of-life-mykind-organics-sleep-well-r-r-spray-2-fl-oz-58-ml/85264
177,131427,NHP,NutraChamps,"NutraChamps, Dreamrite, 60 Easy-To-Swallow Veggie Capsules",$18.95 ,4.9,55,https://www.iherb.com/pr/nutrachamps-dreamrite-60-easy-to-swallow-veggie-capsules/131427
178,81546,EVL,EVLution Nutrition,"EVLution Nutrition, SleepMode, 60 Veggie Capsules",$11.01 ,4.4,1890,https://www.iherb.com/pr/evlution-nutrition-sleepmode-60-veggie-capsules/81546
179,120042,EUN,Eu Natural,"Eu Natural, Serenity Sleep , 60 Vegetarian Capsules",$29.99 ,4.6,9,https://www.iherb.com/pr/eu-natural-serenity-sleep-60-vegetarian-capsules/120042
180,18185,BEL,Bell Lifestyle,"Bell Lifestyle, Healthy Blood Pressure Support, 60 Veggie Capsules",$24.25 ,4.2,60,https://www.iherb.com/pr/bell-lifestyle-healthy-blood-pressure-support-60-veggie-capsules/18185
181,121102,CNH,Chew + Heal,"Chew + Heal, Anxiety + Stress, For Dogs, 60 Soft Chews, 4.6 oz (132 g)",$19.99 ,3.8,26,https://www.iherb.com/pr/chew-heal-anxiety-stress-for-dogs-60-soft-chews-4-6-oz-132-g/121102
182,141922,MVN,MAV Nutrition,"MAV Nutrition, Night Time Fat Burner , 60 Capsules",$15.99 ,4.5,247,https://www.iherb.com/pr/mav-nutrition-night-time-fat-burner-60-capsules/141922
183,1358,SNS,Source Naturals,"Source Naturals, Sleep Science, NightRest With Melatonin, 100 Tablets",$12.78 ,4.5,3988,https://www.iherb.com/pr/source-naturals-sleep-science-nightrest-with-melatonin-100-tablets/1358
184,122141,VET,NaturVet,"NaturVet, Quiet Moments, Calming Aid + Melatonin, For Dogs, 60 Chewable Tabs, 6.3 oz (180 g)",$24.99 ,4.7,18,https://www.iherb.com/pr/naturvet-quiet-moments-calming-aid-melatonin-for-dogs-60-chewable-tabs-6-3-oz-180-g/122141
185,128140,DVI,DaVinci Laboratories of Vermont,"DaVinci Laboratories of Vermont, Valer Amino, 90 Tablets",$23.94 ,4.5,2,https://www.iherb.com/pr/davinci-laboratories-of-vermont-valer-amino-90-tablets/128140
186,128140,DVI,DaVinci Laboratories of Vermont,"DaVinci Laboratories of Vermont, Valer Amino, 90 Tablets",$23.94 ,4.5,2,https://www.iherb.com/pr/davinci-laboratories-of-vermont-valer-amino-90-tablets/128140
187,81880,NBG,Nutra BioGenesis,"Nutra BioGenesis, Sleep Factors, 60 Capsules",$40.99 ,4.7,21,https://www.iherb.com/pr/nutra-biogenesis-sleep-factors-60-capsules/81880
188,144348,HEC,Herbs Etc.,"Herbs Etc., Menopautonic™, 60 Softgels",$33.98 ,5.0,1,https://www.iherb.com/pr/herbs-etc-menopautonic-60-softgels/144348
189,144204,SNS,Source Naturals,"Source Naturals, NightRest™ With Melatonin, 50 Tablets",$6.29 ,4.8,4,https://www.iherb.com/pr/source-naturals-nightrest-with-melatonin-50-tablets/144204
190,1344,SNS,Source Naturals,"Source Naturals, Sleep Science, NutraSleep, 100 Tablets",$17.12 ,4.4,272,https://www.iherb.com/pr/source-naturals-sleep-science-nutrasleep-100-tablets/1344
191,108969,JYS,JoySpring,"JoySpring, Calmify, Liquid Magnesium, 1 fl oz (30 ml)",$24.99 ,4.7,272,https://www.iherb.com/pr/joyspring-calmify-liquid-magnesium-1-fl-oz-30-ml/108969
192,117069,FOA,Force Factor,"Force Factor, Somnapure Melatonin + Natural Botanicals, 30 Tablets",$8.49 ,4.5,230,https://www.iherb.com/pr/force-factor-somnapure-melatonin-natural-botanicals-30-tablets/117069
193,77534,IRW,Irwin Naturals,"Irwin Naturals, Sunny Mood® with 5-HTP, Plus Vitamin D3, 80 Liquid Soft-Gels",$27.99 ,4.6,101,https://www.iherb.com/pr/irwin-naturals-sunny-mood-with-5-htp-plus-vitamin-d3-80-liquid-soft-gels/77534
194,99144,BAB,Mommy's Bliss,"Mommy's Bliss, Kids, Organic Cough Syrup & Mucus, Night Time, 1-12 Yrs, 4 fl oz (120 ml)",$6.53 ,4.8,980,https://www.iherb.com/pr/mommy-s-bliss-kids-organic-cough-syrup-mucus-night-time-1-12-yrs-4-fl-oz-120-ml/99144
195,140624,BAB,Mommy's Bliss,"Mommy's Bliss, Kids Sleep Chewable,  Melatonin + Immune Support, Age 3 Years+, Mixed Berry, 50 Chewable Tablets",$8.79 ,4.8,69,https://www.iherb.com/pr/mommy-s-bliss-kids-sleep-chewable-melatonin-immune-support-age-3-years-mixed-berry-50-chewable-tablets/140624
196,69695,VET,NaturVet,"NaturVet, Quiet Moments, Calming Aid + Melatonin, For Dogs, 70 Soft Chews, 5.4 oz (154 g)",$16.99 ,4.4,449,https://www.iherb.com/pr/naturvet-quiet-moments-calming-aid-melatonin-for-dogs-70-soft-chews-5-4-oz-154-g/69695
197,81233,ZHO,Zhou Nutrition,"Zhou Nutrition, Driftoff, Soothing Sleep Formula, 60 Capsules",$21.99 ,4.1,48,https://www.iherb.com/pr/zhou-nutrition-driftoff-soothing-sleep-formula-60-capsules/81233
198,116635,WGH,WishGarden Herbs,"WishGarden Herbs, Emotional Ally, 2 fl oz (59 ml)",$17.49 ,4.5,11,https://www.iherb.com/pr/wishgarden-herbs-emotional-ally-2-fl-oz-59-ml/116635
199,135702,BBI,Bark Bistro,"Bark Bistro, Relax Budder, Peanut Butter, For Dogs, 17 oz (480 g)",$13.75 ,4.3,6,https://www.iherb.com/pr/bark-bistro-relax-budder-peanut-butter-for-dogs-17-oz-480-g/135702
200,121078,HEP,Healthy Pup,"Healthy Pup, Healthy Calm, Anxiety, For Dogs, 60 Soft Chews, 4.6 oz (132 g)",$18.99 ,4.6,147,https://www.iherb.com/pr/healthy-pup-healthy-calm-anxiety-for-dogs-60-soft-chews-4-6-oz-132-g/121078
201,102037,VET,NaturVet,"NaturVet, Quiet Moments, Calming Aid + Melatonin, For Dogs, 240 Soft Chews, 18.6 oz (528 g)",$35.99 ,4.4,449,https://www.iherb.com/pr/naturvet-quiet-moments-calming-aid-melatonin-for-dogs-240-soft-chews-18-6-oz-528-g/102037
202,106664,NOB,Nobi Nutrition,"Nobi Nutrition, Premium Night Time Fat Burner, 60 Capsules",$19.95 ,4.4,1152,https://www.iherb.com/pr/nobi-nutrition-premium-night-time-fat-burner-60-capsules/106664
203,116900,SMO,SMNutrition,"SMNutrition, Menopause Support Complex, 60 Capsules",$24.95 ,4.6,249,https://www.iherb.com/pr/smnutrition-menopause-support-complex-60-capsules/116900
204,140146,NFS,Natural Factors,"Natural Factors, RegenerLife, Sleep Better with Melatonin, L-Theanine & Botanicals, 60 Tri-Layer Tablets",$22.37 ,4.2,6,https://www.iherb.com/pr/natural-factors-regenerlife-sleep-better-with-melatonin-l-theanine-botanicals-60-tri-layer-tablets/140146
205,134216,RXM,Relaxium,"Relaxium, Sleep, 60 Vegan Capsules",$29.99 ,3.8,10,https://www.iherb.com/pr/relaxium-sleep-60-vegan-capsules/134216
206,14534,GAI,Gaia Herbs,"Gaia Herbs, Sound Sleep, 60 Vegan Liquid Phyto-Caps",$30.59 ,4.4,143,https://www.iherb.com/pr/gaia-herbs-sound-sleep-60-vegan-liquid-phyto-caps/14534
207,54966,CRO,Christopher's Original Formulas,"Christopher's Original Formulas, Slumber, 425 mg, 100 Vegetarian Caps",$15.79 ,4.3,89,https://www.iherb.com/pr/christopher-s-original-formulas-slumber-425-mg-100-vegetarian-caps/54966
208,138322,MRO,MaryRuth's,"MaryRuth's, Organic Calming Kava Liquid Extract, Alcohol Free, 1,180 mg, 1 fl oz (30 ml)",$19.95 ,4.6,16,https://www.iherb.com/pr/maryruth-s-organic-calming-kava-liquid-extract-alcohol-free-1-180-mg-1-fl-oz-30-ml/138322
209,11646,ALB,Alba Botanica,"Alba Botanica, Hawaiian Facial Cleanser, Pineapple Enzyme, 8 fl oz (237 ml)",$10.96 ,4.4,1797,https://www.iherb.com/pr/alba-botanica-hawaiian-facial-cleanser-pineapple-enzyme-8-fl-oz-237-ml/11646
210,121210,ZUM,ZUM,"ZUM, Hand & Body Lotion, Patchouli, 6 fl oz (177 ml)",$9.00 ,4.3,68,https://www.iherb.com/pr/zum-hand-body-lotion-patchouli-6-fl-oz-177-ml/121210
211,113814,NOB,Nobi Nutrition,"Nobi Nutrition, Night Time Fat Burn Gummies, Raspberry, 60 Pectin Based Gummies",$24.95 ,4.3,184,https://www.iherb.com/pr/nobi-nutrition-night-time-fat-burn-gummies-raspberry-60-pectin-based-gummies/113814
212,96712,GAI,Gaia Herbs,"Gaia Herbs, Women, Menopause Support, Nighttime, With Black Cohosh & Mimosa, 60 Vegan Liquid Phyto-Caps®",$30.59 ,4.4,21,https://www.iherb.com/pr/gaia-herbs-women-menopause-support-nighttime-with-black-cohosh-mimosa-60-vegan-liquid-phyto-caps/96712
213,132398,WGH,WishGarden Herbs,"WishGarden Herbs, Kids, Sleepy Nights & Fresh Mornings, 2 fl oz (59 ml)",$19.99 ,5.0,4,https://www.iherb.com/pr/wishgarden-herbs-kids-sleepy-nights-fresh-mornings-2-fl-oz-59-ml/132398
214,131217,HYL,Hyland's Naturals,"Hyland's Naturals, Baby Organic Soothing Gel, Nighttime, 2+ Months, Organic Cherry, 0.53 oz (15 g)",$6.06 ,4.8,28,https://www.iherb.com/pr/hyland-s-naturals-baby-organic-soothing-gel-nighttime-2-months-organic-cherry-0-53-oz-15-g/131217
215,68757,IRW,Irwin Naturals,"Irwin Naturals, Power to Sleep PM, Melatonin-Free, 50 Liquid Soft-Gels",$12.59 ,4.1,16,https://www.iherb.com/pr/irwin-naturals-power-to-sleep-pm-melatonin-free-50-liquid-soft-gels/68757
216,46689,IRW,Irwin Naturals,"Irwin Naturals, Sunny Mood with Rhodiola, 75 Liquid Soft-Gels",$27.99 ,4.3,241,https://www.iherb.com/pr/irwin-naturals-sunny-mood-with-rhodiola-75-liquid-soft-gels/46689
217,133367,NCA,Nature's Craft,"Nature's Craft, Sleep Support, 60 Capsules",$14.55 ,3.9,10,https://www.iherb.com/pr/nature-s-craft-sleep-support-60-capsules/133367
218,118444,NTA,Nature's Answer,"Nature's Answer, Natural Mullein X Cough Syrup, 4 fl oz (120 ml)",$16.87 ,4.8,10,https://www.iherb.com/pr/nature-s-answer-natural-mullein-x-cough-syrup-4-fl-oz-120-ml/118444
219,107931,VET,NaturVet,"NaturVet, Emotional Support, Daily Calming Aid +24/7 Support, For Dogs, 120 Soft Chews, 12.6 oz (360 g)",$30.99 ,4.4,110,https://www.iherb.com/pr/naturvet-emotional-support-daily-calming-aid-24-7-support-for-dogs-120-soft-chews-12-6-oz-360-g/107931
220,120529,RMS,Real Mushrooms,"Real Mushrooms, Mushroom Relax Soft Chews, 60 Chews",$36.71 ,3.9,8,https://www.iherb.com/pr/real-mushrooms-mushroom-relax-soft-chews-60-chews/120529
221,99634,GAI,Gaia Herbs,"Gaia Herbs, Calm A.S.A.P., 60 Vegan Liquid Phyto-Caps",$31.49 ,4.7,226,https://www.iherb.com/pr/gaia-herbs-calm-a-s-a-p-60-vegan-liquid-phyto-caps/99634
222,33841,NTB,Natural Balance,"Natural Balance, Happy Sleeper, 60 VegCaps",$17.99 ,4.0,33,https://www.iherb.com/pr/natural-balance-happy-sleeper-60-vegcaps/33841
223,7503,NAP,NaturesPlus,"NaturesPlus, Sleep Assure, 60 Bi-Layered Tablets",$23.76 ,4.2,18,https://www.iherb.com/pr/naturesplus-sleep-assure-60-bi-layered-tablets/7503
224,80498,VFU,VitaFusion,"VitaFusion, Melatonin, Natural White Tea & Peach, Sugar Free, 140 Gummies",$14.63 ,4.8,584,https://www.iherb.com/pr/vitafusion-melatonin-natural-white-tea-peach-sugar-free-140-gummies/80498
225,136325,VNU,Vital Nutrients,"Vital Nutrients, Tension Ease With Ashwagandha, 60 Vegan Capsules",$31.90 ,5.0,2,https://www.iherb.com/pr/vital-nutrients-tension-ease-with-ashwagandha-60-vegan-capsules/136325
226,39945,NOW,NOW Foods,"NOW Foods, Real Tea, Nighttime, Caffeine-Free, 24 Tea Bags, 1.7 oz (48 g)",$5.25 ,4.5,68,https://www.iherb.com/pr/now-foods-real-tea-nighttime-caffeine-free-24-tea-bags-1-7-oz-48-g/39945
227,139382,MRO,MaryRuth's,"MaryRuth's, Organic Kids Focus & Attention Liquid Extract, Alcohol Free, 1,180 mg, 1 fl oz (30 ml)",$18.36 ,4.6,212,https://www.iherb.com/pr/maryruth-s-organic-kids-focus-attention-liquid-extract-alcohol-free-1-180-mg-1-fl-oz-30-ml/139382
228,7966,NTA,Nature's Answer,"Nature's Answer, Slumber Herbal Blend, Alcohol-Free, 2,000 mg, 1 fl oz (30 ml)",$12.74 ,4.3,104,https://www.iherb.com/pr/nature-s-answer-slumber-herbal-blend-alcohol-free-2-000-mg-1-fl-oz-30-ml/7966
229,142453,CYM,Cymbiotika,"Cymbiotika, Sleep, Liposomal Delivery, Cacao, 1.7 fl oz (52 ml)",$37.99 ,5.0,2,https://www.iherb.com/pr/cymbiotika-sleep-liposomal-delivery-cacao-1-7-fl-oz-52-ml/142453
230,129043,SMF,The Smurfs,"The Smurfs, Kids Gummy, Calm & Relaxed, Ages 3+, , Smurf Berry, 40 Gummies",$7.98 ,4.8,438,https://www.iherb.com/pr/the-smurfs-kids-gummy-calm-relaxed-ages-3-smurf-berry-40-gummies/129043
231,54199,AOR,Advanced Orthomolecular Research AOR,"Advanced Orthomolecular Research AOR, Ortho Sleep with Cyracos, 443 mg, 60 Capsules (221 mg per Capsule)",$35.16 ,4.3,58,https://www.iherb.com/pr/advanced-orthomolecular-research-aor-ortho-sleep-with-cyracos-443-mg-60-capsules-221-mg-per-capsule/54199
232,122153,VET,NaturVet,"NaturVet, Scoopables, Quiet Moments Calming Aid + Melatonin, For Dogs, Bacon, 11 oz (315 g)",$11.47 ,4.6,16,https://www.iherb.com/pr/naturvet-scoopables-quiet-moments-calming-aid-melatonin-for-dogs-bacon-11-oz-315-g/122153
233,132394,WGH,WishGarden Herbs,"WishGarden Herbs, Kids, Attention Ally Focus Friend, 2 fl oz (59 ml)",$17.49 ,3.5,4,https://www.iherb.com/pr/wishgarden-herbs-kids-attention-ally-focus-friend-2-fl-oz-59-ml/132394
234,142214,RPG,Ready Pet Go,"Ready Pet Go, Calming & Relaxing, For Dogs, All Ages, Bacon & Cheese, 60 Soft Chews, 8.5 oz (240 g)",$19.99 ,4.2,16,https://www.iherb.com/pr/ready-pet-go-calming-relaxing-for-dogs-all-ages-bacon-cheese-60-soft-chews-8-5-oz-240-g/142214
235,133066,HEC,Herbs Etc.,"Herbs Etc., Lung Tonic, Liquid Extract, 1 fl oz (30 ml)",$15.28 ,5.0,9,https://www.iherb.com/pr/herbs-etc-lung-tonic-liquid-extract-1-fl-oz-30-ml/133066
236,136930,YUN,Yuni Beauty,"Yuni Beauty, Bedtime Body Essence , 3.4 fl oz (100 ml)",$13.44 ,3.0,1,https://www.iherb.com/pr/yuni-beauty-bedtime-body-essence-3-4-fl-oz-100-ml/136930
237,138810,VNU,Vital Nutrients,"Vital Nutrients, Sleep Aide, 60 Vegan Capsules",$36.90 ,5.0,1,https://www.iherb.com/pr/vital-nutrients-sleep-aide-60-vegan-capsules/138810
238,143821,PAD,PatchAid,"PatchAid, Sleep Aid Topical Patch for Kids, 30 Patches",$15.16 ,4.8,4,https://www.iherb.com/pr/patchaid-sleep-aid-topical-patch-for-kids-30-patches/143821
239,121028,GAI,Gaia Herbs,"Gaia Herbs, Sleep, 40 Gummies",$17.99 ,4.2,29,https://www.iherb.com/pr/gaia-herbs-sleep-40-gummies/121028
240,9576,ECN,Econugenics,"Econugenics, ecoSleep, Restorative Sleep Repair, 60 Vegetarian Capsules",$41.40 ,4.8,4,https://www.iherb.com/pr/econugenics-ecosleep-restorative-sleep-repair-60-vegetarian-capsules/9576
241,116775,VET,NaturVet,"NaturVet, Evolutions, Advanced Calming Support, For Dogs, 90 Soft Chews, 6.9 oz (198 g)",$11.63 ,4.5,32,https://www.iherb.com/pr/naturvet-evolutions-advanced-calming-support-for-dogs-90-soft-chews-6-9-oz-198-g/116775
242,116631,WGH,WishGarden Herbs,"WishGarden Herbs, Serious Relaxer & Muscle Tension, 2 fl oz (59 ml)",$21.24 ,4.4,25,https://www.iherb.com/pr/wishgarden-herbs-serious-relaxer-muscle-tension-2-fl-oz-59-ml/116631
243,122147,VET,NaturVet,"NaturVet, Scoopables Emotional Support, Daily Calming Aid, For Dogs, Bacon, 45 Scoops, 11 oz (315 g)",$20.99 ,4.5,11,https://www.iherb.com/pr/naturvet-scoopables-emotional-support-daily-calming-aid-for-dogs-bacon-45-scoops-11-oz-315-g/122147
244,103183,FOA,Force Factor,"Force Factor, Somnapure, Drug-Free Sleep Aid, 60 Tablets",$13.49 ,4.5,230,https://www.iherb.com/pr/force-factor-somnapure-drug-free-sleep-aid-60-tablets/103183
245,114393,GSN,Gaspari Nutrition,"Gaspari Nutrition, Cytolean Night Time, 90 Capsules",$31.49 ,4.6,36,https://www.iherb.com/pr/gaspari-nutrition-cytolean-night-time-90-capsules/114393
246,135782,JYS,JoySpring,"JoySpring, Mood Munchies, Natural Mixed Berry , 60 Gummies",$18.39 ,5.0,9,https://www.iherb.com/pr/joyspring-mood-munchies-natural-mixed-berry-60-gummies/135782
247,41988,YGT,Yogi Tea,"Yogi Tea, Stress Relief, Honey Lavender, Caffeine Free, 16 Tea Bags, 1.02 oz (29 g)",$4.48 ,4.6,29088,https://www.iherb.com/pr/yogi-tea-stress-relief-honey-lavender-caffeine-free-16-tea-bags-1-02-oz-29-g/41988
248,122238,NBS,NuBest,"NuBest, Sleep Xtra, 60 Vegetarian Capsules",$20.31 ,4.8,6,https://www.iherb.com/pr/nubest-sleep-xtra-60-vegetarian-capsules/122238
249,86581,FBS,FutureBiotics,"Futurebiotics, Relax & Sleep, 120 Vegetarian Tablets",$12.25 ,4.5,1647,https://www.iherb.com/pr/futurebiotics-relax-sleep-120-vegetarian-tablets/86581
250,142835,DFH,Designs For Health,"Designs For Health, Insomnitol™, 60 Vegetarian Capsules",$53.49 ,5.0,6,https://www.iherb.com/pr/designs-for-health-insomnitol-60-vegetarian-capsules/142835
251,127940,CRK,Creekside Natural Therapeutics,"Creekside Natural Therapeutics, Children's Zen Comfort, Raspberry, 60 Fruit Chews, 9.3 oz",$18.39 ,4.6,42,https://www.iherb.com/pr/creekside-natural-therapeutics-children-s-zen-comfort-raspberry-60-fruit-chews-9-3-oz/127940
252,98809,VFU,VitaFusion,"VitaFusion, Max Strength Melatonin, Natural Strawberry, 10 mg, 100 Gummies (5 mg per Gummy)",$13.63 ,4.7,355,https://www.iherb.com/pr/vitafusion-max-strength-melatonin-natural-strawberry-10-mg-100-gummies-5-mg-per-gummy/98809
253,125237,MTG,Metagenics,"Metagenics, Benesom, 60 Tablets",$43.75 ,5.0,1,https://www.iherb.com/pr/metagenics-benesom-60-tablets/125237
254,111964,MBN,Mild By Nature,"Mild By Nature, Hydrating Body Wash, Lavender Lemongrass, 16 fl oz (473 ml)",$7.07 ,4.6,2079,https://www.iherb.com/pr/mild-by-nature-hydrating-body-wash-lavender-lemongrass-16-fl-oz-473-ml/111964
255,114921,GOI,Goli Nutrition,"Goli Nutrition, Dreamy Sleep Gummies, 60 Gummies",$14.98 ,4.6,158,https://www.iherb.com/pr/goli-nutrition-dreamy-sleep-gummies-60-gummies/114921
256,116158,IRW,Irwin Naturals,"Irwin Naturals, Rhodiola-Plus, 75 Liquid Soft-Gels",$27.99 ,4.4,16,https://www.iherb.com/pr/irwin-naturals-rhodiola-plus-75-liquid-soft-gels/116158
257,12130,TLT,Triple Leaf Tea,"Triple Leaf Tea, Relaxing, Caffeine Free, 20 Tea Bags, 1.16 oz (33 g)",$5.06 ,4.5,68,https://www.iherb.com/pr/triple-leaf-tea-relaxing-caffeine-free-20-tea-bags-1-16-oz-33-g/12130
258,69450,HBP,Herb Pharm,"Herb Pharm, Kid's, Captain Concentrate, Alcohol Free, 1 fl oz (30 ml)",$10.22 ,4.7,43,https://www.iherb.com/pr/herb-pharm-kid-s-captain-concentrate-alcohol-free-1-fl-oz-30-ml/69450
259,130624,OLY,Olympian Labs,"Olympian Labs, Rest Easy, 60 Vegetarian Capsules",$9.23 ,4.3,3,https://www.iherb.com/pr/olympian-labs-rest-easy-60-vegetarian-capsules/130624
260,138813,VNU,Vital Nutrients,"Vital Nutrients, Sleep + Recover, 90 Vegan Capsules",$85.90 ,4.3,3,https://www.iherb.com/pr/vital-nutrients-sleep-recover-90-vegan-capsules/138813
261,128797,VFU,VitaFusion,"VitaFusion, Melatonin-Free Sleep, Tart Cherry Peach, 40 Gummies",$13.47 ,4.4,18,https://www.iherb.com/pr/vitafusion-melatonin-free-sleep-tart-cherry-peach-40-gummies/128797
262,111965,MBN,Mild By Nature,"Mild By Nature, Hydrating Body Lotion, Lavender Lemongrass, 8 fl oz (236 ml)",$4.52 ,4.7,4333,https://www.iherb.com/pr/mild-by-nature-hydrating-body-lotion-lavender-lemongrass-8-fl-oz-236-ml/111965
263,31003,FRO,Frontier Co-op,"Frontier Co-op, Organic Cut & Sifted Oat Straw Green Tops, 16 oz (453 g)",$16.39 ,4.8,439,https://www.iherb.com/pr/frontier-co-op-organic-cut-sifted-oat-straw-green-tops-16-oz-453-g/31003
264,104248,ZTP,Zesty Paws,"Zesty Paws, Calming Bites for Dogs, Behavior, All Ages, Peanut Butter, 90 Soft Chews, 12.7 oz (360 g)",$34.97 ,4.4,44,https://www.iherb.com/pr/zesty-paws-calming-bites-for-dogs-behavior-all-ages-peanut-butter-90-soft-chews-12-7-oz-360-g/104248
265,136121,ZTP,Zesty Paws,"Zesty Paws, Calming Bites,  For Puppy, Behavior, All Ages, Turkey, 90 Soft Chews",$15.38 ,4.0,2,https://www.iherb.com/pr/zesty-paws-calming-bites-for-puppy-behavior-all-ages-turkey-90-soft-chews/136121
266,145321,DZN,Zen Nutrients,"Zen Nutrients, NeuraZenx®, Nerve Support, 120 Vegetable Capsules",$34.66 ,5.0,1,https://www.iherb.com/pr/zen-nutrients-neurazenx-nerve-support-120-vegetable-capsules/145321
267,126299,STF,SteelFit,"SteelFit, Steel Dreams, 90 Capsules",$18.86 ,4.4,5,https://www.iherb.com/pr/steelfit-steel-dreams-90-capsules/126299
268,119538,GOI,Goli Nutrition,"Goli Nutrition, Sleep, Extra Strength, 50 Gummies",$14.98 ,4.7,26,https://www.iherb.com/pr/goli-nutrition-sleep-extra-strength-50-gummies/119538
269,3261,SPN,Super Nutrition,"Super Nutrition, Women's Blend, Daily Multivitamin Plus Balancing Botanicals, Iron Free, 180 Tablets",$25.69 ,4.5,1359,https://www.iherb.com/pr/super-nutrition-women-s-blend-daily-multivitamin-plus-balancing-botanicals-iron-free-180-tablets/3261
270,120026,FOA,Force Factor,"Force Factor, Somnapure Extra Strength Melatonin, L-Theanine, & Botanicals, 60 Tablets",$14.99 ,4.5,49,https://www.iherb.com/pr/force-factor-force-factor-somnapure-extra-strength-melatonin-l-theanine-botanicals-60-tablets/120026
271,83023,LSE,LifeSeasons,"LifeSeasons, Mood Stabili-T, Emotional Support, 60 Veg Capsules",$33.99 ,4.7,247,https://www.iherb.com/pr/lifeseasons-mood-stabili-t-emotional-support-60-veg-capsules/83023
272,141456,ZTP,Zesty Paws,"Zesty Paws, Advanced Calming Bites, For Dogs, All Ages, Turkey Flavor, 90 Soft Chews, 11.1 oz (315 g)",$35.97 ,5.0,2,https://www.iherb.com/pr/zesty-paws-advanced-calming-bites-for-dogs-all-ages-turkey-flavor-90-soft-chews-11-1-oz-315-g/141456
273,127520,TMR,Trace Minerals ®,"Trace Minerals ®, NaturalRest Plus+, 60 Tablets",$19.99 ,4.6,5,https://www.iherb.com/pr/trace-minerals-naturalrest-plus-60-tablets/127520
274,120763,BAB,Mommy's Bliss,"Mommy's Bliss, Baby, Organic Cough Syrup & Mucus, Day/Night Pack, Age 4 Months+, 2 Pack, 1.67 fl oz (50 ml) Each",$12.94 ,4.8,116,https://www.iherb.com/pr/mommy-s-bliss-baby-organic-cough-syrup-mucus-day-night-pack-age-4-months-2-pack-1-67-fl-oz-50-ml-each/120763
275,131218,HYL,Hyland's Naturals,"Hyland's Naturals, Baby, Organic Soothing Gel Combo Pack, Daytime/Nighttime, 2+ Months, Organic Cherry, 2 Tubes, 0.53 oz (15 g) Each",$11.26 ,4.8,13,https://www.iherb.com/pr/hyland-s-naturals-baby-organic-soothing-gel-combo-pack-daytime-nighttime-2-months-organic-cherry-2-tubes-0-53-oz-15-g-each/131218
276,136408,HNU,HUM Nutrition,"HUM Nutrition, Beauty zzZz Gummies, Blackberry, 60 Vegan Gummies",$26.00 ,5.0,1,https://www.iherb.com/pr/hum-nutrition-beauty-zzzz-gummies-blackberry-60-vegan-gummies/136408
277,143225,SGB,SugarbearPro,"SugarbearPro, Sleep 5-HTP Amino Gummies, 32 Gummies",$34.99 ,4.8,5,https://www.iherb.com/pr/sugarbearpro-sleep-5-htp-amino-gummies-32-gummies/143225
278,21595,RDH,RidgeCrest Herbals,"RidgeCrest Herbals, SereniZen, Stress Management Support, 60 Caps",$23.99 ,4.3,192,https://www.iherb.com/pr/ridgecrest-herbals-serenizen-stress-management-support-60-caps/21595
279,137940,SPN,Super Nutrition,"Super Nutrition, Active Men's Multivitamin, 180 Tablets",$39.75 ,5.0,1,https://www.iherb.com/pr/super-nutrition-active-men-s-multivitamin-180-tablets/137940
280,1236,SNS,Source Naturals,"Source Naturals, Hi-Stress B&C With Herbs, 120 Tablets",$15.41 ,4.6,247,https://www.iherb.com/pr/source-naturals-hi-stress-b-c-with-herbs-120-tablets/1236
281,112161,DEM,Dr. Emil Nutrition,"Dr. Emil Nutrition, Bedtime Burn, 60 Capsules",$25.75 ,4.4,58,https://www.iherb.com/pr/dr-emil-nutrition-bedtime-burn-60-capsules/112161
282,112162,DEM,Dr. Emil Nutrition,"Dr. Emil Nutrition, EZ DOZE Plus , 60 Capsules",$23.69 ,4.4,27,https://www.iherb.com/pr/dr-emil-nutrition-ez-doze-plus-60-capsules/112162
283,143824,PAD,PatchAid,"PatchAid, Focus + Clarity Patch , 30 Patches",$18.95 ,4.5,2,https://www.iherb.com/pr/patchaid-focus-clarity-patch-30-patches/143824
284,112163,DEM,Dr. Emil Nutrition,"Dr. Emil Nutrition, EZ DOZE, 60 Capsules",$19.46 ,4.4,32,https://www.iherb.com/pr/dr-emil-nutrition-ez-doze-60-capsules/112163
285,39218,IRW,Irwin Naturals,"Irwin Naturals, Power to Sleep PM®, 120 Liquid Soft-Gels",$31.95 ,4.5,467,https://www.iherb.com/pr/irwin-naturals-power-to-sleep-pm-120-liquid-soft-gels/39218
286,140343,KNO,Knours,"Knours, Be Kind, Double Duty Mist, 3.72 fl oz (110 ml)",$25.20 ,5.0,4,https://www.iherb.com/pr/knours-be-kind-double-duty-mist-3-72-fl-oz-110-ml/140343
287,134213,RXM,Relaxium,"Relaxium, Calm, 60 Capsules",$25.49 ,4.6,7,https://www.iherb.com/pr/relaxium-calm-60-capsules/134213
288,39650,CLF,Country Life,"Country Life, Stress Shield Nighttime, Triple Action, 60 Vegan Capsules",$39.44 ,4.8,16,https://www.iherb.com/pr/country-life-stress-shield-nighttime-triple-action-60-vegan-capsules/39650
289,139804,NTA,Nature's Answer,"Nature's Answer, Natural Mullein-X Cough Syrup PM, Nighttime , 4 fl oz (120 ml)",$13.12 ,5.0,2,https://www.iherb.com/pr/nature-s-answer-natural-mullein-x-cough-syrup-pm-nighttime-4-fl-oz-120-ml/139804
290,68758,IRW,Irwin Naturals,"Irwin Naturals, Power to Sleep PM, 60 Liquid Soft-Gels",$17.99 ,4.7,117,https://www.iherb.com/pr/irwin-naturals-power-to-sleep-pm-60-liquid-soft-gels/68758
291,115904,BAB,Mommy's Bliss,"Mommy's Bliss, Organic Baby Bedtime Drops, Age 4 Months+, 2 fl oz (60 ml)",$7.99 ,4.4,549,https://www.iherb.com/pr/mommy-s-bliss-organic-baby-bedtime-drops-age-4-months-2-fl-oz-60-ml/115904
292,63577,BAB,Mommy's Bliss,"Mommy's Bliss, Night Time, Gripe Water, 1 Month+, 4 fl oz (120 ml)",$10.49 ,4.6,6111,https://www.iherb.com/pr/mommy-s-bliss-night-time-gripe-water-1-month-4-fl-oz-120-ml/63577
293,121216,ZUM,ZUM,"ZUM, Zum Bag, 8 Piece Set, 8 oz",$14.17 ,4.7,170,https://www.iherb.com/pr/zum-zum-bag-8-piece-set-8-oz/121216
294,120860,FOA,Force Factor,"Force Factor, Liquid Labs Sleep, Night Time Electrolyte Drink Mix, Dream Berry, 20 Stick Packs, 0.25 oz (7 g) Each",$14.98 ,4.6,30,https://www.iherb.com/pr/force-factor-liquid-labs-sleep-night-time-electrolyte-drink-mix-dream-berry-20-stick-packs-0-25-oz-7-g-each/120860
295,103318,BOI,Boiron,"Boiron, SleepCalm, Unflavored , 60 Meltaway Tablets",$8.81 ,4.3,1538,https://www.iherb.com/pr/boiron-sleepcalm-unflavored-60-meltaway-tablets/103318
296,107065,BOI,Boiron,"Boiron, Kids, SleepCalm Liquid Doses, 3+ Years, Melatonin-Free, 15 Pre-Measured Liquid Doses, 0.034 fl oz (1 ml) Each",$8.46 ,4.3,262,https://www.iherb.com/pr/boiron-kids-sleepcalm-liquid-doses-3-years-melatonin-free-15-pre-measured-liquid-doses-0-034-fl-oz-1-ml-each/107065
297,8175,HEE,MediNatura,"MediNatura, WellMind™ Calming Day/Night, 100 Tablets",$11.19 ,4.5,947,https://www.iherb.com/pr/medinatura-wellmind-calming-day-night-100-tablets/8175
298,124252,BOI,Boiron,"Boiron, SleepCalm On The Go, 2 Portable Tubes, Approx. 80 Pellets Each",$8.79 ,4.6,63,https://www.iherb.com/pr/boiron-sleepcalm-on-the-go-2-portable-tubes-approx-80-pellets-each/124252
299,71052,NWY,Nature's Way,"Nature's Way, Umcka, Cold Care, Day + Night, Soothing Hot Drink, Lemon-Citrus, Honey-Lemon, 12 Packets, 0.17 oz Each,  (8 Day / 4 Night)",$11.60 ,4.8,635,https://www.iherb.com/pr/nature-s-way-umcka-cold-care-day-night-soothing-hot-drink-lemon-citrus-honey-lemon-12-packets-0-17-oz-each-8-day-4-night/71052
